[
  {
    "id": 1,
    "name": "جین راسته",
    "price": 10.99,
    "quantity": 1,
    "categories": "JEANS",
    "desc": "کیفیت بالا ",
    "imgUrl": "./imgg/jjj.jpg"
    
  },
  {
    "id": 2,
    "name": "جکت بامبر ",
    "price": 20,
    "quantity": 1,
    "categories": "JACKETS",
    "desc": "با تخفیف ",
    "imgUrl": "./imgg/bamber.jpg"
  },
  {
    "id": 3,
    "name": "نایکی بلیزر",
    "price": 40,
    "quantity": 1,
    "categories": "SHOES",
    "desc": "DON'T COMPROMISE ON STYLE! GET FLAT 30% OFF FOR NEW ARRIVALS.",
    "imgUrl": "./imgg/nik.jpg"
  },
  {
    "id": 4,
    "name": "نایک جردن 1",
    "price": 50,
    "quantity": 1,
    "categories": "SHOES",
    "desc": "DON'T COMPROMISE ON STYLE! GET FLAT 30% OFF FOR NEW ARRIVALS.",
    "imgUrl": "./imgg/nikki.jpg"
  },
  {
    "id": 5,
    "name": "نایک جردن 1 ساق کوتاه",
    "price": 60,
    "quantity": 1,
    "categories": "SHOES",
    "desc": "DON'T COMPROMISE ON STYLE! GET FLAT 30% OFF FOR NEW ARRIVALS.",
    "imgUrl": "./imgg/nikkk.jpg"
  },
  {
    "id": 6,
    "name": "نایک کد 06",
    "price": 20,
    "quantity": 1,
    "categories": "SHOES",
    "desc": "JUST ENJOY",
    "imgUrl": "./imgg/nikkkkkk.jpg"
  },
  {
    "id": 7,
    "name": "بامبر جکت جدید",
    "price": 13,
    "quantity": 1,
    "categories": "JACKETS",
    "desc": "DON'T COMPROMISE ON STYLE! GET FLAT 30% OFF FOR NEW ARRIVALS.",
    "imgUrl": "./imgg/bammmm.jpg"
  },{
    "id": 8,
    "name": "جکت 04",
    "price": 17,
    "quantity": 1,
    "categories": "JACKETS",
    "desc": "DON'T COMPROMISE ON STYLE! GET FLAT 30% OFF FOR NEW ARRIVALS.",
    "imgUrl": "./imgg/jacket4.jpg"
  },
  {
    "id": 9,
    "name": "کت جین مشکی",
    "price": 19,
    "quantity": 1,
    "categories": "JACKETS",
    "desc": "DON'T COMPROMISE ON STYLE! GET FLAT 30% OFF FOR NEW ARRIVALS.",
    "imgUrl": "./imgg/jackettt.jpg"
  }
]



